INSERT INTO UNIDADES_INTERNACAO
(NOME_UN_INTERNACAO)
VALUES
('2° ANDAR B - CLINICA CIRURGICA'),
('2° ANDAR C - MATER/OBSTETRICIA'),
('2º ANDAR C - PEDIATRIA'),
('3° ANDAR B - CLINICA MEDICA'),
('3° ANDAR C - MATER/OBSTETRICIA'),
('3º ANDAR C - GERIATRIA'),
('4° ANDAR C - ONCOLOGIA'),
('4° ANDAR C-NEUROCARDIOVASCULAR'),
('4º ANDAR B - CLINICA MEDICA'),
('5º ANDAR C - CLINICA CIRURGICA'),
('BERCARIO (ALCON)'),
('EXTRA CC'),
('EXTRA INTERNACAO'),
('UTI B2'),
('UTI B3'),
('UTI C1'),
('UTI C2'),
('UTI C3'),
('UTI NEONATAL'),
('UTI PEDIATRICA');

//----------------

INSERT INTO LEITOS
(NOME_LEITO, ID_UN_INTERNACAO)
VALUES("APT 201B",1),
	("APT 202B",1),
	("APTO TIPO B 301",4),
	("APTO TIPO B 302",4),
	("APTO TIPO B 303",4),
	("APTO TIPO B 304",4),
	("APTO TIPO B 305",4),
	("APTO TIPO B 306",4),
	("APTO TIPO B 307",4),
	("APTO TIPO B 308",4),
	("APTO TIPO B 309",4),
	("APTO TIPO B 310",4),
	("APTO TIPO B 311",4),
	("APTO TIPO B 312",4),
	("APTO TIPO B 313",4),
	("APTO TIPO B 314",4),
	("APTO TIPO B 316",4),
	("APTO TIPO B 317",4),
	("APTO TIPO B 318",4),
	("APTO TIPO B 319",4),
	("APTO TIPO B 320",4),
	("APTO TIPO B 322",4),
	("APTO TIPO B 323",4),
	("APTO TIPO B 324",4),
	("APTO TIPO B 325",4),
	("APTO TIPO B 326",4),
	("APTO TIPO B 327",4),
	("APTO TIPO B 328",4),
	("APTO TIPO B 329",4),
	("APTO TIPO B 331",4),
	("APTO TIPO B 332",4),
	("APTO TIPO B 333",4),
	("APTO TIPO B 334",4),
	("APTO TIPO B 335",4),
	("APTO TIPO B 336",4),
	("APTO TIPO B 337",4),
	("APTO TIPO B 338",4),
	("APTO TIPO B 423",9),
	("APTO TIPO B 424",9),
	("APTO TIPO B 425",9),
	("APTO TIPO B 426",9),
	("APTO TIPO B 427",9),
	("APTO TIPO B 430",9),
	("APTO TIPO B 432",9),
	("APTO TIPO B 433",9),
	("APTO TIPO B 434",9),
	("APTO TIPO B 436",9),
	("APTO TIPO B 437",9),
	("APTO TIPO B 438",9),
	("APTO TIPO B 439",9),
	("APTO TPO B 428",9),
	("BE EXTRA GEMELAR 1",11),
	("BERCARIO 219",11),
	("BERCARIO 220",11),
	("BERCARIO 221",11),
	("BERCARIO 222",11),
	("BERCARIO 223",11),
	("BERCARIO 231",11),
	("BERCARIO 234",11),
	("BERCARIO 238",11),
	("BERCARIO 241",11),
	("BERCARIO 243",11),
	("BERCARIO 245",11),
	("BERCARIO 327",11),
	("BERCARIO 328",11),
	("BERCARIO 330",11),
	("BERCARIO 334",11),
	("BERCARIO 338",11),
	("BERCARIO 339",11),
	("BERCARIO MASTER 332C",11),
	("BERCARIO PRESIDENCIAL 331",11),
	("EXTRA E CC 01",12),
	("EXTRA E CC 02",12),
	("EXTRA E CC 03",12),
	("EXTRA E CC 06",12),
	("EXTRA E CC 08",12),
	("EXTRA E CC 10",12),
	("EXTRA E CC 11",12),
	("EXTRA E CC 14",12),
	("EXTRA E CC 19",12),
	("EXTRA E CC 20",12),
	("EXTRA E CC 23",12),
	("EXTRA E CC 24",12),
	("EXTRA E CC 28",12),
	("EXTRA E CC 29",12),
	("EXTRA E CC 36",12),
	("EXTRA E CC 37",12),
	("EXTRA INT 01",13),
	("EXTRA INT 14",13),
	("EXTRA U CC 44",12),
	("EXTRA U INT 50",12),
	("SUITE 227C",2),
	("SUITE 230C",2),
	("SUITE 231C",2),
	("SUITE 234C",2),
	("SUITE 236C",2),
	("SUITE 237C",2),
	("SUITE 238C",2),
	("SUITE 239C",2),
	("SUITE 241C",2),
	("SUITE 243C",2),
	("SUITE 244C",2),
	("SUITE 245C",2),
	("SUITE 327C",5),
	("SUITE 328C",5),
	("SUITE 330C",5),
	("SUITE 334C",5),
	("SUITE 335C",5),
	("SUITE 338C",5),
	("SUITE 339C",5),
	("SUITE DE LUXO 208 C",3),
	("SUITE DE LUXO 408C",8),
	("SUITE LUXO 333C",5),
	("SUITE MASTER 312C",6),
	("SUITE MASTER 332C",5),
	("SUITE MASTER 412C",8),
	("SUITE MASTER 434C",7),
	("SUITE PREMIUM 205 C",3),
	("SUITE PREMIUM 219C",2),
	("SUITE PREMIUM 220C",2),
	("SUITE PREMIUM 221C",2),
	("SUITE PREMIUM 222C",2),
	("SUITE PREMIUM 223C",2),
	("SUITE PREMIUM 225C",2),
	("SUITE PREMIUM 226C",2),
	("SUITE PREMIUM 301C",6),
	("SUITE PREMIUM 303C",6),
	("SUITE PREMIUM 304C",6),
	("SUITE PREMIUM 305C",6),
	("SUITE PREMIUM 306C",6),
	("SUITE PREMIUM 307C",6),
	("SUITE PREMIUM 310C",6),
	("SUITE PREMIUM 311C",6),
	("SUITE PREMIUM 313C",6),
	("SUITE PREMIUM 314C",6),
	("SUITE PREMIUM 315C",6),
	("SUITE PREMIUM 316C",6),
	("SUITE PREMIUM 317C",6),
	("SUITE PREMIUM 318C",6),
	("SUITE PREMIUM 319C",6),
	("SUITE PREMIUM 320C",6),
	("SUITE PREMIUM 321C",6),
	("SUITE PREMIUM 322C",6),
	("SUITE PREMIUM 323C",6),
	("SUITE PREMIUM 324C",6),
	("SUITE PREMIUM 326C",6),
	("SUITE PREMIUM 401C",8),
	("SUITE PREMIUM 402C",8),
	("SUITE PREMIUM 403C",8),
	("SUITE PREMIUM 406C",8),
	("SUITE PREMIUM 407C",8),
	("SUITE PREMIUM 409C",8),
	("SUITE PREMIUM 411C",8),
	("SUITE PREMIUM 414C",8),
	("SUITE PREMIUM 417C",8),
	("SUITE PREMIUM 418C",8),
	("SUITE PREMIUM 420C",8),
	("SUITE PREMIUM 421C",8),
	("SUITE PREMIUM 422C",8),
	("SUITE PREMIUM 423C",8),
	("SUITE PREMIUM 424C",8),
	("SUITE PREMIUM 426C",8),
	("SUITE PREMIUM 429C",7),
	("SUITE PREMIUM 430C",7),
	("SUITE PREMIUM 431C",7),
	("SUITE PREMIUM 432C",7),
	("SUITE PREMIUM 433C",7),
	("SUITE PREMIUM 435C",7),
	("SUITE PREMIUM 436C",7),
	("SUITE PREMIUM 437C",7),
	("SUITE PREMIUM 438C",7),
	("SUITE PREMIUM 439C",7),
	("SUITE PREMIUM 444C",7),
	("SUITE PREMIUM 445C",7),
	("SUITE PREMIUM 501C",10),
	("SUITE PREMIUM 502C",10),
	("SUITE PREMIUM 503C",10),
	("SUITE PREMIUM 504C",10),
	("SUITE PREMIUM 506C",10),
	("SUITE PREMIUM 507C",10),
	("SUITE PREMIUM 509C",10),
	("SUITE PREMIUM 510C",10),
	("SUITE PREMIUM 511C",10),
	("SUITE PREMIUM 513C",10),
	("SUITE PREMIUM 514C",10),
	("SUITE PREMIUM 515C",10),
	("SUITE PREMIUM 516C",10),
	("SUITE PREMIUM 517C",10),
	("SUITE PREMIUM 518C",10),
	("SUITE PREMIUM 519C",10),
	("SUITE PREMIUM 523C",10),
	("SUITE PREMIUM 525C",10),
	("SUITE PREMIUM 526C",10),
	("SUITE PREMIUM 529C",10),
	("SUITE PREMIUM 530C",10),
	("SUITE PREMIUM 534C",10),
	("SUITE PREMIUM 535C",10),
	("SUITE PREMIUM 536C",10),
	("SUITE PREMIUM 537C",10),
	("SUITE PREMIUM 538C",10),
	("SUITE PREMIUM 540C",10),
	("SUITE PREMIUM 543C",10),
	("SUITE PRESIDENCIAL 331C",5),
	("UTI B2 23",14),
	("UTI B2 24",14),
	("UTI B2 25",14),
	("UTI B2 26",14),
	("UTI B2 27",14),
	("UTI B2 28",14),
	("UTI B2 29",14),
	("UTI B2 30",14),
	("UTI B2 31",14),
	("UTI B2 32",14),
	("UTI B2 33",14),
	("UTI B2 34",14),
	("UTI B2 36",14),
	("UTI B2 37",14),
	("UTI B2 38",14),
	("UTI B2 39",14),
	("UTI B2 40",14),
	("UTI B3 101",15),
	("UTI B3 102",15),
	("UTI B3 103",15),
	("UTI B3 104",15),
	("UTI B3 105",15),
	("UTI B3 106",15),
	("UTI B3 107",15),
	("UTI B3 108",15),
	("UTI B3 109",15),
	("UTI B3 110",15),
	("UTI B3 111",15),
	("UTI B3 112",15),
	("UTI B3 113",15),
	("UTI B3 114",15),
	("UTI B3 115",15),
	("UTI B3 116",15),
	("UTI B3 117",15),
	("UTI B3 118",15),
	("UTI B3 119",15),
	("UTI B3 120",15),
	("UTI B3 121",15),
	("UTI B3 122",15),
	("UTI B3 123",15),
	("UTI B3 124",15),
	("UTI B3 125",15),
	("UTI B3 126",15),
	("UTI B3 127",15),
	("UTI B3 128",15),
	("UTI B3 129",15),
	("UTI B3 130",15),
	("UTI B3 131",15),
	("UTI B3 132",15),
	("UTI B3 133",15),
	("UTI B3 134",15),
	("UTI B3 135",15),
	("UTI B3 136",15),
	("UTI B3 137",15),
	("UTI B3 138",15),
	("UTI B3 139",15),
	("UTI B3 140",15),
	("UTI C1 02",16),
	("UTI C1 03",16),
	("UTI C1 04",16),
	("UTI C1 05",16),
	("UTI C1 06",16),
	("UTI C1 07",16),
	("UTI C1 08",16),
	("UTI C1 09",16),
	("UTI C1 11",16),
	("UTI C1 12",16),
	("UTI C2 13",17),
	("UTI C2 14",17),
	("UTI C2 15",17),
	("UTI C2 16",17),
	("UTI C2 17",17),
	("UTI C2 18",17),
	("UTI C2 19",17),
	("UTI C2 20",17),
	("UTI C2 21",17),
	("UTI C2 22",17),
	("UTI C2 23",17),
	("UTI C2 24",17),
	("UTI C2 25",17),
	("UTI C2 26",17),
	("UTI C2 27",17),
	("UTI C2 28",17),
	("UTI C2 29",17),
	("UTI C2 30",17),
	("UTI C2 31",17),
	("UTI C2 32",17),
	("UTI C2 33",17),
	("UTI C2 34",17),
	("UTI C2 35",17),
	("UTI C2 36",17),
	("UTI C2 37",17),
	("UTI C2 38",17),
	("UTI C3 A 39 GERAL",18),
	("UTI C3 A 40 GERAL",18),
	("UTI C3 A 41 GERAL",18),
	("UTI C3 A 42 GERAL",18),
	("UTI C3 A 43 GERAL",18),
	("UTI C3 A 44 GERAL",18),
	("UTI C3 A 45 GERAL",18),
	("UTI C3 A 46 GERAL",18),
	("UTI C3 A 47 GERAL",18),
	("UTI C3 A 48 GERAL",18),
	("UTI C3 A 49 GERAL",18),
	("UTI C3 A 50 GERAL",18),
	("UTI C3 B 51 GERAL",18),
	("UTI C3 B 52 GERAL",18),
	("UTI C3 B 53 GERAL",18),
	("UTI C3 B 54 GERAL",18),
	("UTI C3 B 55 GERAL",18),
	("UTI C3 B 56 GERAL",18),
	("UTI C3 B 57 GERAL",18),
	("UTI C3 B 58 COVID",18),
	("UTI C3 B 59 COVID",18),
	("UTI C3 B 60 COVID",18),
	("UTI C3 B 61 COVID",18),
	("UTI C3 B 62 COVID",18),
	("UTI NEONATAL 01",19),
	("UTI NEONATAL 02",19),
	("UTI NEONATAL 03",19),
	("UTI NEONATAL 05",19),
	("UTI NEONATAL 06",19),
	("UTI NEONATAL 07",19),
	("UTI NEONATAL 08",19),
	("UTI NEONATAL 09",19),
	("UTI NEONATAL 10",19),
	("UTI NEONATAL 11",19),
	("UTI NEONATAL 14",19),
	("UTI NEONATAL 15",19),
	("UTI NEONATAL 16",19),
	("UTI NEONATAL 17",19),
	("UTI NEONATAL 18",19),
	("UTI NEONATAL 19",19),
	("UTI NEONATAL 20",19),
	("UTI PEDIATRICA 201",20),
	("UTI PEDIATRICA 202",20),
	("UTI PEDIATRICA 203",20),
	("UTI PEDIATRICA 204",20),
	("UTI PEDIATRICA 206",20),
	("UTI PEDIATRICA 207",20),
	("UTI PEDIATRICA 209",20),
	("UTI PEDIATRICA 210",20),
	("UTI PEDIATRICA 212",20),
	("UTI PEDIATRICA 214",20),
	("UTI PEDIATRICA 215",20),
	("UTI PEDIATRICA 216",20),
	("UTI PEDIATRICA 217",20);


//------------
INSERT INTO ATENDENTES
(NOME)
VALUES ("CATARINA"),
	("CAMILA A"),
	("KAREN"),
	("ELIZANDRA"),
	("JULIANA"),
	("LEONARDO"),
	("PRISCILA M"),
	("LUCIANA M"),
	("DANIELE"),
	("CRISTIANE"),
	("TAMINE");

INSERT INTO PACIENTES
	(ID_PACIENTE, NOME_PACIENTE)
	VALUES 	(1163939,"FRANCISCO LUCENY DA SILVA"),
	(1170203,"DERMEVAL CAMILO DE PAULA"),
	(219013,"MIRIAM INACIO DE ARAUJO"),
	(616990,"ZENY BRAZIL SANTOS"),
	(1368161,"MARIA APARECIDA DOURADO LENZA"),
	(395266,"MARIA LUCIA CORREA CHOAIRY"),
	(24326,"MARIA IRENE TEMPERINE GOIS"),
	(196159,"MARIA DO SOCORRO FERREIRA"),
	(158866,"WILSON ALVES NOGUEIRA"),
	(586207,"VALENTINA DE MACEDO SILVA"),
	(506703,"ANTONIA DE PADUA CALVET GARCIA"),
	(976781,"ITAGIBA GOMES LAMOUNIER"),
	(235213,"POJUCAM DA ROCHA CORTES"),
	(782317,"JULIO CESAR ARAUJO SANTOS"),
	(36238,"JOSE ALBINO PEREIRA"),
	(897934,"ADRYELLI CEZARIO VALADARES"),
	(567276,"MARGARETH MATIAS DA SILVA"),
	(1369150,"GLAUCIA DE OLIVEIRA E SILVA"),
	(28950,"DARTAGNAN TEIXEIRA"),
	(520909,"RAIMUNDO GOMES FILHO"),
	(210933,"JOSE DE JESUS FERRAZ LEDA"),
	(429744,"MARIA VALMERINA PAES MARACAIPE"),
	(615070,"MARIA DA PIEDADE PEREIRA"),
	(567071,"CARLOS MARIA"),
	(490680,"ANTONIO JORGE DE SOUZA VIANA"),
	(1347229,"RODRIGO ALVES DA SILVA"),
	(80295,"WALDOMIRO PEREIRA DOS SANTOS"),
	(12877,"LIDIA MARIA DE OLIVEIRA"),
	(1370198,"ANA PAULA PEREIRA DA SILVA"),
	(551503,"MARIA DO SOCORRO ALVES DE MACEDO"),
	(1369313,"ROSA BETANIA CAPURRO"),
	(467780,"LENY DA SILVA GRIPPI"),
	(497616,"PEDRO MANOEL DA SILVA"),
	(927008,"PEDRO HENRIQUE SOUZA OLIVEIRA"),
	(602071,"ZACARIAS ALVES DE OLIVEIRA"),
	(932090,"MARIA JOSE PINTO COSTA"),
	(175112,"LEVY SABINO DO NASCIMENTO"),
	(1360337,"AURELIO SILVA DA CRUZ"),
	(51494,"IARA SOARES PEREIRA VASCONCELOS"),
	(127739,"JOSE DUARTE AZEVEDO"),
	(452885,"MAURA DE SOUZA LIMA"),
	(1323895,"DENIL COSTA VALE"),
	(16273,"LUCICLEIANE ALVES DE QUEIROZ"),
	(1053880,"MARIA DO CARMO MOURA ANDRADE"),
	(218938,"IDERLUCE CUTRIM DE CARVALHO"),
	(335694,"MARCIAL DIAS DE CARVALHO"),
	(1044931,"MARIA MAGDALENA OLIVEIRA YARED"),
	(1360650,"GISELE HELENA DAS NEVES MARTINEZ"),
	(64916,"NEIL DIAS ABRAHAO"),
	(90051,"ANGELA MARIA TEIXEIRA AVERSA"),
	(69372,"ANGELA FREITAS GRANDI"),
	(1031886,"CARLOS GUSTAVO SILVA SIQUEIRA"),
	(928895,"NATHANAEL ALVES DA SILVA"),
	(600212,"JOSE NUNES DE ARAUJO"),
	(515106,"HELOISA MARIA QUEIROZ PAIVA"),
	(1370822,"ANA CLARA DE CARVALHO FERREIRA"),
	(901760,"JOSE FRANCISCO DE OLIVEIRA"),
	(210624,"MARIANA ALVES BESSA MEIRA"),
	(1370958,"ARQUIMEDES DE OLIVEIRA GOMES"),
	(94661,"NEUZA SANTOS ROSAL"),
	(1371118,"OSVALDO PASTORE FILHO"),
	(563046,"PAULO ROBERTO DE MOURA MACEDO"),
	(1330832,"ELIANDRO PIRES DOS SANTOS"),
	(1237966,"HILDEBRANDO DIOGO TAVARES MOTA"),
	(498512,"TIAGO RODRIGO MENDES MELO"),
	(3900,"FRANCISCA FELIX REBOUCAS"),
	(372262,"ETSUKO MAEDA KUWAE"),
	(1347120,"JOSE CARLOS DAMIAO RODRIGUES"),
	(27628,"CLEUZA EMILIA DUTRA SILVA"),
	(511950,"FRANCISCA ALMEIDA FELINTO"),
	(471369,"AIRTON FERREIRA DA CUNHA"),
	(10489,"VERA LIMA VASCONCELOS MENEZES"),
	(1371461,"MARCO PAULO SILVA FONSECA"),
	(616717,"MAGDONALVA RODRIGUES DE AGUIAR MENDES"),
	(1371546,"MANUEL SEVERIANO CAJAZEIRA"),
	(52015,"ANTONIA ALVES DA SILVA GUILHERME"),
	(132806,"WALDIVINO CARDOZO BOMFIM"),
	(10892,"ANA GABRIELA GUEDES PIMENTEL LAUREANO"),
	(1366256,"LUZIA GONCALVES DE FREITAS"),
	(105478,"ERCINA GOMES DE OLIVEIRA"),
	(388125,"OLGA BARRETO ARAGAO"),
	(137024,"ANTONIA FERNANDES DA SILVA"),
	(375605,"LAZARA SILVESTRE DE MACEDO"),
	(1366425,"MATEUS JUNIO DIAS DE SOUZA"),
	(985383,"MARCO AURELIO MARTINS DA VEIGA"),
	(444545,"ALINE CONCEICAO MIRANDA"),
	(600639,"MARISTELA DA SILVEIRA CARVALHO"),
	(14492,"DIVINA DE JESUS MARQUES"),
	(231000,"DENISE ALVES AGUIAR"),
	(1118936,"OPHELIA DO AMPARO BRAZ PEREIRA"),
	(478218,"NOEMI MARIA TARTER SILVA"),
	(409928,"LENIO LUIZ RICHA"),
	(510036,"EDUARDO RAIMUNDO DA SILVA CEZAR"),
	(1371781,"EBERTON HENRIQUE CANSANCAO"),
	(193086,"LUCIA MARIA COSTA DE MORAES"),
	(1346337,"EUNICE DIAS RAYOL"),
	(526448,"LIVIA MARQUES NOLETO"),
	(157537,"NELCI SOARES DA SILVA"),
	(430386,"GUSTAVO SOUSA VIANA"),
	(984767,"ISIS PINHEIRO DA SILVA"),
	(659,"LENIR HONORATO VAN DER BROOCKE"),
	(432068,"KATIA ROSA DA SILVA MORAIS"),
	(614341,"LUCIANO BRUNO PREZZI DE NORONHA"),
	(154489,"MARLI DE ALMEIDA VILLELA"),
	(44768,"TERESA DE JESUS TORRES COSTA TKACZYK"),
	(609047,"MARIA DE LOURDES PEREIRA DA SILVA ARAUJO"),
	(213406,"LISETE GOLDENBERG DE SOUSA"),
	(886529,"DEBORA MACEDO COSTA"),
	(195336,"JAQUELINE RIBEIRO SANTOS"),
	(293288,"PAULA FRANCINETE ALVES"),
	(463738,"ALLAN GOUVEIA DE ALBUQUERQUE ROCHA"),
	(887459,"ALOISIO AUGUSTO"),
	(238351,"ALTAIR SACRAMENTO SANTOS"),
	(1372597,"PATRICIA PERINI DE ALMEIDA"),
	(606634,"THATIANE DE CARVALHO GOMES"),
	(357555,"CARLA CRISTINA VALENTE ANTUNES"),
	(223734,"GILSON VELOSO PRADO"),
	(920430,"MARIA ELIZABETE FERREIRA NORONHA"),
	(556690,"LARISSA RODRIGUES DE OLIVEIRA SILVA"),
	(321890,"EDSON DIAS QUIXABA"),
	(881631,"JOSE ARMANDO MACHADO COSTA"),
	(468205,"ALMIRA OSWALD"),
	(188967,"HONORIO ASSIS FILHO CRISPIM"),
	(598267,"MIRIAM LUCIA NASCIF PESSOA"),
	(606576,"ANTONIO GLAHSTON FELIX ALBUQUERQUE"),
	(1055214,"JERONYMO JOB GONCALVES"),
	(596195,"JOAO SOARES DOS SANTOS"),
	(569957,"JOSE BATISTA FILHO"),
	(527394,"TATIANE DE CARVALHO GARCIA"),
	(932820,"MARIA JOSE GUIMARAES BORGES DA SILVEIRA"),
	(99025,"FRANCISCO MAGNO GONCALVES DIAS"),
	(34420,"ZENILDA VITORIO CARVALHO"),
	(610986,"PAULO BRASIL PAEZ"),
	(165854,"DELACI DE SANTANA"),
	(1372761,"JOAQUIM JAIR XIMENES AGUIAR JUNIOR"),
	(1032688,"MARIA JOSE CARVALHO DE OLIVEIA BOTELHO"),
	(355940,"JORGE CARLOS SILVA LUSTOSA"),
	(318238,"HAYLLA ROBINE LOPES PAZ"),
	(568864,"MARIO TAVARES DOS REIS"),
	(429139,"EDIVALDO ANTONIO ALVES"),
	(1214649,"CECILIA SABINO MARINHO"),
	(551349,"GEZI BARBOSA COSTA"),
	(343964,"LAZARO LUIZ MESSIAS"),
	(49883,"GILVAN LINS DE ALBUQUERQUE"),
	(1357771,"ANTONIO D APARECIDA MELO"),
	(49634,"FERNANDO CARLOS BORGES DE MELO"),
	(224651,"ALVARO LAZARO ASSIS"),
	(15626,"JONAS ROSA DOS SANTOS NETO"),
	(1352201,"TCHELSY SALMI DE FARIA"),
	(217571,"FUJIKO YOSHIDA"),
	(1140336,"NEIDE RODRIGUES DA SILVA"),
	(365234,"IONE GULARTE SANTA CRUZ SILVA"),
	(26486,"GEORGINA SILVEIRA"),
	(482120,"CINARA MARQUES SILVA SANTOS GOMES"),
	(1104882,"VERA LUCIA BEZERRA DA SILVA"),
	(148291,"EDWALDO FELICIANO"),
	(50427,"MANOEL GONCALES NETO"),
	(496755,"CLOVIS GUIGNHONE"),
	(144938,"JOSE ANTONIO DOS SANTOS"),
	(277301,"FRANCISCA MARIA DA SILVA GOMES"),
	(611501,"ANA GIULLIA GOMES DOS SANTOS"),
	(1373295,"ROMULO ALBUQUERQUE"),
	(394367,"ADILSON MOTTA"),
	(453640,"RAFAEL GUIMARAES DE AZEVEDO"),
	(607213,"TEREZA CONCEICAO BILHALVA GUEDES SILVA"),
	(19446,"DIVINA MARTA TIAGO RODRIGUES"),
	(437144,"MAIRSE TEREZINHA SALLES B DE OLIVEIRA"),
	(76331,"JOSE LUIZ VASCONCELLOS"),
	(78018,"NILTON ANTONIO NUNES"),
	(1370957,"LANA PIRES FIALHO"),
	(42492,"DALILA DE SOUZA COUTINHO"),
	(63224,"JUAREZ PESSOA NUNES"),
	(47649,"WALCIRA MACEDO DE ARAUJO MOTTA"),
	(311150,"MARIA DEBORA MELO RESENDE"),
	(898692,"CRISTIANO SANTOS BANDEIRA"),
	(122732,"ENY MOREIRA BERGO"),
	(187880,"NICOLAU ABDU EL MOOR"),
	(586683,"ADILSON GONCALVES DE JESUS"),
	(261375,"BEATRIZ ALBERNAZ NEIVA DIVINO"),
	(1164962,"JOECILIA MELGACO REGINO"),
	(494111,"MARIA ALVES DE SOUZA LIMA"),
	(553571,"VANDAR MARIA DE RESENDE"),
	(401959,"BEATRIZ MONTEIRO AGUEDA"),
	(29044,"MARIA DE FATIMA TRINDADE NOGUEIRA"),
	(48146,"ERNANI VALTER RIBEIRO"),
	(561177,"DIVINO JOSE DA SILVA"),
	(194974,"ISABEL LUIZA DE FREITAS"),
	(1156097,"ARLETE DA SILVA SANTOS"),
	(14933,"TEREZA NUNES FIGUEIREDO"),
	(418288,"GUSTAVO JOSE DE SOUZA SILVEIRA"),
	(1060383,"PAULO ANTONIO DE ARAUJO"),
	(30458,"DIONESIA FRUTUOSO CERQUEIRA"),
	(1355775,"GISELA MARIA BASTOS DO NASCIMENTO"),
	(1087342,"VALDIVINO SEBASTIAO DOS SANTOS"),
	(286578,"GUSTAVO MARTINS DE ALENCAR NOGUEIRA"),
	(1101,"DIVA COSTA PINTO"),
	(1142305,"CARLOS ETIENNE CASTRO"),
	(234225,"ORLANDA GARCIA BARBOSA LEITE"),
	(27959,"FISSATO NAKAMURA"),
	(1366901,"SELMA QUADRS PEREIRA"),
	(33982,"MARIA MALTA FLEURY"),
	(543961,"JAYR MATANO"),
	(1069980,"LEONIDENIS MONTEIRO"),
	(391166,"HELIO BRAGA VENTURA"),
	(215635,"JOSE AUGUSTO MONTES CELLOS"),
	(162089,"JANDIRA PIAS DE CASTRO"),
	(477810,"JOSE LIRA SOBRINHO"),
	(362823,"HERTA MENDES");
	

INSERT INTO ATENDIMENTO
(ID_ATENDIMENTO, ID_PACIENTE, CONVENIO, DT_ATENDIMENTO)
VALUES
(4238508,1163939,"HOSPITAL NAVAL - FUSMA","2023-04-01"),
(4324504,1170203,"CASSI","2023-05-01"),
(4325559,219013,"BACEN","2023-05-01"),
(4421763,616990,"FUSEX / HMAB","2023-06-01"),
(4421113,1368161,"CNU UNIMED INTERCÂMBIO NACIONAL PACOTE","2023-06-01"),
(4422324,395266,"AMIL","2023-06-01"),
(4329827,24326,"SERPRO","2023-05-02"),
(4326598,196159,"E-VIDA","2023-05-02"),
(4422423,158866,"CASSI","2023-06-02"),
(4423281,586207,"FUSEX / HMAB","2023-06-02"),
(4427253,506703,"CASSI","2023-06-03"),
(4427441,976781,"POSTAL SAUDE","2023-06-04"),
(4428553,235213,"CASSI","2023-06-04"),
(4427467,782317,"CNU UNIMED LOCAL 0865 PACOTE","2023-06-04"),
(4431925,36238,"CAMARA DOS DEPUTADOS - PRÓ- SAÚDE","2023-06-05"),
(4431994,897934,"SUL AMERICA (ANS 006246)","2023-06-05"),
(4429934,567276,"BRADESCO SAUDE NACIONAL","2023-06-05"),
(4429047,1369150,"CNU UNIMED INTERCÂMBIO NACIONAL PACOTE","2023-06-05"),
(4432609,28950,"ASSEFAZ","2023-06-05"),
(4430720,520909,"ASSEFAZ","2023-06-05"),
(4432582,210933,"CASSI","2023-06-05"),
(4254833,429744,"CAMARA DOS DEPUTADOS - PRÓ- SAÚDE","2023-04-06"),
(4341835,615070,"FUSEX / HMAB","2023-05-06"),
(4342124,567071,"FUSEX / HMAB","2023-05-06"),
(4435373,490680,"BACEN","2023-06-06"),
(4436035,1347229,"FUSEX / HMAB","2023-06-06"),
(4434154,80295,"STJ/PRO-SER","2023-06-06"),
(4343927,12877,"CASSI","2023-05-07"),
(4438838,1370198,"SUL AMERICA (ANS 006246)","2023-06-07"),
(4437609,551503,"CASSI","2023-06-07"),
(4438649,1369313,"CNU UNIMED INTERCÂMBIO NACIONAL PACOTE","2023-06-07"),
(4438285,467780,"FUSEX / HMAB","2023-06-07"),
(4438378,497616,"TJDFT / PRO-SAUDE","2023-06-07"),
(4436050,927008,"BRADESCO SAUDE NACIONAL","2023-06-07"),
(4437722,602071,"SUL AMERICA (ANS 006246)","2023-06-07"),
(4344380,932090,"CONAB - BRASILIA","2023-05-08"),
(4440827,175112,"BACEN","2023-06-08"),
(4351635,1360337,"CEF SAUDE CAIXA 01","2023-05-09"),
(4442279,51494,"BRB SAUDE","2023-06-09"),
(4442954,127739,"ASSEFAZ","2023-06-09"),
(4443130,452885,"CBM/DF INTERN. DEPENDENTE","2023-06-09"),
(4442422,1323895,"CASSI VIDA","2023-06-09"),
(4443472,16273,"POSTAL SAUDE","2023-06-09"),
(4442973,1053880,"FUSEX / HMAB","2023-06-09"),
(4443034,218938,"CAPESESP","2023-06-09"),
(3917886,335694,"PARTICULAR PF - LUCIA SUL","2022-11-09"),
(4261583,1044931,"FUSEX / HMAB","2023-04-10"),
(4354280,1360650,"CNU UNIMED INTERCÂMBIO NACIONAL PACOTE","2023-05-10"),
(4352384,64916,"ASSEFAZ","2023-05-10"),
(4444276,90051,"CNU UNIMED INTERCÂMBIO NACIONAL PACOTE","2023-06-10"),
(4444444,69372,"CAPESESP","2023-06-10"),
(4444700,1031886,"BRADESCO SAUDE NACIONAL","2023-06-10"),
(4444123,928895,"CBM/DF INTERN. MILITAR / TIT","2023-06-10"),
(4444279,600212,"CASSI","2023-06-10"),
(4444686,515106,"BRADESCO SAUDE NACIONAL","2023-06-10"),
(4443856,1370822,"PARTICULAR PF - LUCIA SUL","2023-06-10"),
(4444626,901760,"FUSEX / HMAB","2023-06-10"),
(4444743,210624,"CASSI","2023-06-11"),
(4444779,1370958,"FUSEX / HMAB","2023-06-11"),
(4445215,94661,"ASSEFAZ","2023-06-11"),
(4445671,1371118,"SUL AMERICA (ANS 006246)","2023-06-11"),
(4445612,563046,"PETROBRAS PETROLEO","2023-06-11"),
(4107272,1330832,"FUSEX / HMAB","2023-02-12"),
(4449144,1237966,"BRADESCO SAUDE NACIONAL","2023-06-12"),
(4447853,498512,"CNU UNIMED INTERCÂMBIO NACIONAL PACOTE","2023-06-12"),
(4447724,3900,"POSTAL SAUDE","2023-06-12"),
(4449295,372262,"CASSI","2023-06-12"),
(4448603,1347120,"POSTAL SAUDE","2023-06-12"),
(4449022,27628,"SIS","2023-06-12"),
(4449271,511950,"FUSEX / HMAB","2023-06-12"),
(4448277,471369,"CASSI","2023-06-12"),
(4448671,10489,"ASSEFAZ","2023-06-12"),
(4449445,1371461,"CASSI","2023-06-12"),
(4362564,616717,"CBM/DF INTERN. DEPENDENTE","2023-05-13"),
(4449970,1371546,"FUSEX / HMAB","2023-06-13"),
(4453434,52015,"POSTAL SAUDE","2023-06-13"),
(4450213,132806,"SIS","2023-06-13"),
(4453018,10892,"CASSI","2023-06-13"),
(4452686,1366256,"ASSEFAZ","2023-06-13"),
(4453315,105478,"ASSEFAZ","2023-06-13"),
(4451889,388125,"PETROBRAS PETROLEO","2023-06-13"),
(4452737,137024,"CAMARA DOS DEPUTADOS - PRÓ- SAÚDE","2023-06-13"),
(4449902,375605,"POSTAL SAUDE","2023-06-13"),
(4449968,1366425,"FUSEX / HMAB","2023-06-13"),
(4449986,985383,"CASSI","2023-06-13"),
(4451756,444545,"SUL AMERICA (ANS 006246)","2023-06-13"),
(4451527,600639,"ASSEFAZ","2023-06-13"),
(4451422,14492,"TRF PRO SOCIAL - JFDF","2023-06-13"),
(4451173,231000,"CONAB - BRASILIA","2023-06-13"),
(4049088,1118936,"HOSPITAL NAVAL - FUSMA","2023-01-14"),
(4456362,478218,"E-VIDA","2023-06-14"),
(4456185,409928,"BACEN","2023-06-14"),
(4455351,510036,"TJDFT / PRO-SAUDE","2023-06-14"),
(4454558,1371781,"BRADESCO SAUDE NACIONAL","2023-06-14"),
(4455229,193086,"CAMARA DOS DEPUTADOS - PRÓ- SAÚDE","2023-06-14"),
(4454106,1346337,"CNU UNIMED INTERCÂMBIO NACIONAL PACOTE","2023-06-14"),
(4454638,526448,"ASSEFAZ","2023-06-14"),
(4454914,157537,"TST - DEPENDENTE ESPECIAL","2023-06-14"),
(4456497,430386,"FUSEX / HMAB","2023-06-14"),
(4456318,984767,"CNU UNIMED INTERCÂMBIO NACIONAL PACOTE","2023-06-14"),
(4456826,659,"CASSI","2023-06-14"),
(4453479,432068,"FUSEX / HMAB","2023-06-14"),
(4454759,614341,"BRADESCO SAUDE NACIONAL","2023-06-14"),
(4280942,154489,"CEF SAUDE CAIXA 01","2023-04-15"),
(4367749,44768,"FAPES (BNDES)","2023-05-15"),
(4368925,609047,"SIS","2023-05-15"),
(4369226,213406,"CASSI","2023-05-15"),
(4460098,886529,"CASSI","2023-06-15"),
(4460305,195336,"ASSEFAZ","2023-06-15"),
(4460345,293288,"CNU UNIMED LOCAL 0865 PACOTE","2023-06-15"),
(4457118,463738,"SUL AMERICA (ANS 006246)","2023-06-15"),
(4457725,887459,"CNU UNIMED INTERCÂMBIO NACIONAL PACOTE","2023-06-15"),
(4457100,238351,"ASSEFAZ","2023-06-15"),
(4459864,1372597,"CNU UNIMED INTERCÂMBIO NACIONAL PACOTE","2023-06-15"),
(4457101,606634,"BRADESCO SAUDE NACIONAL","2023-06-15"),
(4458617,357555,"BGS PRONTONORTE","2023-06-15"),
(4459992,223734,"CASSI","2023-06-15"),
(4459037,920430,"BRADESCO SAUDE NACIONAL","2023-06-15"),
(4458326,556690,"BGS SANTA LUCIA","2023-06-15"),
(4459363,321890,"ASSEFAZ","2023-06-15"),
(4459940,881631,"CASSI","2023-06-15"),
(4458335,468205,"FUSEX / HMAB","2023-06-15"),
(4459010,188967,"BRADESCO SAUDE NACIONAL","2023-06-15"),
(4459588,598267,"BACEN","2023-06-15"),
(4458474,606576,"CBM/DF INTERN. MILITAR / TIT","2023-06-15"),
(4457105,1055214,"FUSEX / HMAB","2023-06-15"),
(4460309,596195,"SUL AMERICA (ANS 006246)","2023-06-15"),
(4189146,569957,"CASSI","2023-03-16"),
(4463332,527394,"CBM/DF INTERN. DEPENDENTE","2023-06-16"),
(4462000,932820,"SIS","2023-06-16"),
(4463144,99025,"BRADESCO SAUDE NACIONAL","2023-06-16"),
(4463030,34420,"ASSEFAZ","2023-06-16"),
(4460513,610986,"CASEMBRAPA","2023-06-16"),
(4460462,165854,"BRADESCO SAUDE NACIONAL","2023-06-16"),
(4460536,1372761,"BRADESCO SAUDE NACIONAL","2023-06-16"),
(4460577,1032688,"CASSI","2023-06-16"),
(4460434,355940,"E-VIDA","2023-06-16"),
(4462847,318238,"CASSI","2023-06-16"),
(4463577,568864,"POSTAL SAUDE","2023-06-16"),
(4460867,429139,"CASSI","2023-06-16"),
(4463526,1214649,"CBM/DF INTERN. DEPENDENTE","2023-06-16"),
(4460487,551349,"FUSEX / HMAB","2023-06-16"),
(4460672,343964,"FUSEX / HMAB","2023-06-16"),
(4463103,49883,"ALLIANZ WORLDWIDE CARE","2023-06-16"),
(4460566,1357771,"BRADESCO SAUDE NACIONAL","2023-06-16"),
(4463244,49634,"BRB SAUDE","2023-06-16"),
(4462709,224651,"CAPESESP","2023-06-16"),
(3785663,15626,"CEF SAUDE CAIXA 01","2022-08-16"),
(4285346,1352201,"HOSPITAL NAVAL - FUSMA","2023-04-17"),
(4375675,217571,"BACEN","2023-05-17"),
(4464829,1140336,"CBM/DF INTERN. PENSIONISTA","2023-06-17"),
(4464190,365234,"ASSEFAZ","2023-06-17"),
(4465230,26486,"ASSEFAZ","2023-06-17"),
(4463640,482120,"CASEC (CODEVASF)","2023-06-17"),
(4463653,1104882,"BRADESCO SAUDE NACIONAL","2023-06-17"),
(4463615,148291,"SUL AMERICA (ANS 006246)","2023-06-17"),
(4463690,50427,"E-VIDA","2023-06-17"),
(4464831,496755,"FASCAL","2023-06-17"),
(4463760,144938,"AMIL","2023-06-17"),
(4463874,277301,"CASEMBRAPA","2023-06-17"),
(4463737,611501,"CEF SAUDE CAIXA 01","2023-06-17"),
(4464349,1373295,"CNU UNIMED INTERCÂMBIO NACIONAL PACOTE","2023-06-17"),
(4465185,394367,"CASSI","2023-06-17"),
(4463988,453640,"PLAN ASSISTE MPU","2023-06-17"),
(4464940,607213,"FUSEX / HMAB","2023-06-17"),
(4464471,19446,"BGS SANTA LUCIA","2023-06-17"),
(4463614,437144,"ASSEFAZ","2023-06-17"),
(4463684,76331,"POSTAL SAUDE","2023-06-17"),
(4378054,78018,"BRB SAUDE","2023-05-18"),
(4465260,1370957,"TRT 10ª REGIAO","2023-06-18"),
(4465910,42492,"SUL AMERICA (ANS 006246)","2023-06-18"),
(4466200,63224,"ASSEFAZ","2023-06-18"),
(4465455,47649,"CASEMBRAPA","2023-06-18"),
(4465291,311150,"ASSEFAZ","2023-06-18"),
(4465310,898692,"CASSI","2023-06-18"),
(4466231,122732,"CASSI","2023-06-18"),
(3999299,187880,"CASSI","2022-12-18"),
(4385819,586683,"FUSEX / HMAB","2023-05-20"),
(4063005,261375,"CNU UNIMED LOCAL 0865 PACOTE","2023-01-21"),
(4386468,1164962,"FUSEX / HMAB","2023-05-21"),
(4389814,494111,"FUSEX / HMAB","2023-05-22"),
(4390687,553571,"BRADESCO SAUDE NACIONAL","2023-05-22"),
(4389269,401959,"CASSI","2023-05-22"),
(4392881,29044,"TST - TITULAR","2023-05-23"),
(4398109,48146,"CAMARA DOS DEPUTADOS - PRÓ- SAÚDE","2023-05-24"),
(4397151,561177,"CEF SAUDE CAIXA 05 CAM DEPUTAD","2023-05-24"),
(4306448,194974,"CAMARA DOS DEPUTADOS - PRÓ- SAÚDE","2023-04-25"),
(4402623,1156097,"CBM/DF INTERN. PENSIONISTA","2023-05-26"),
(4401873,14933,"CAMARA DOS DEPUTADOS - PRÓ- SAÚDE","2023-05-26"),
(4402980,418288,"BRADESCO SAUDE NACIONAL","2023-05-26"),
(4404524,1060383,"AMIL","2023-05-26"),
(4221533,30458,"CAMARA DOS DEPUTADOS - PRÓ- SAÚDE","2023-03-27"),
(4313704,1355775,"FUSEX / HMAB","2023-04-27"),
(4406098,1087342,"PLAN ASSISTE MPU","2023-05-27"),
(4405873,286578,"PLAN ASSISTE MPU","2023-05-27"),
(4408009,1101,"CEF SAUDE CAIXA 01","2023-05-28"),
(3854300,1142305,"PARTICULAR PF - LUCIA SUL","2022-09-28"),
(4411326,234225,"SUL AMERICA (ANS 006246)","2023-05-29"),
(4411899,27959,"TJDFT / PRO-SAUDE","2023-05-29"),
(4408479,1366901,"FUSEX / HMAB","2023-05-29"),
(4414901,33982,"CAMARA DOS DEPUTADOS - PRÓ- SAÚDE","2023-05-30"),
(4414593,543961,"FUSEX / HMAB","2023-05-30"),
(4412020,1069980,"CBM/DF INTERN. MILITAR / TIT","2023-05-30"),
(4414947,391166,"ASSEFAZ","2023-05-30"),
(4237466,215635,"CASSI","2023-03-31"),
(4417705,162089,"CASSI","2023-05-31"),
(4415633,477810,"ASSEFAZ","2023-05-31"),
(4417140,362823,"CASSI","2023-05-31");
